{"val_loss": 0.007452912162989378, "_timestamp": 1681659315.466111, "_runtime": 43.549285888671875, "_step": 8755, "val_acc": 1.0, "train_loss": 0.10514476895332336, "train_acc": 0.96875}